MtoS.X,MtoS.Y,MtoS.Z,MtoS.rX,MtoS.rY,MtoS.rZ,A_x,StoFRC.X,StoFRC.Y,StoFRC.Z,StoFRC.rX,StoFRC.rY,StoFRC.rZ
3.541,-0.004,0.000,-0.023505,-0.001242,0.001347,0.043565,0.005,-0.227,-0.449,-0.023557,0.000835,0.014291,
-108.928,-0.047,-0.029,11.158608,-0.006158,0.002862,-0.023013,112.524,-0.245,-0.443,-11.202824,0.004646,0.021442,
1.603,-0.014,-0.002,-0.000246,-0.000437,-0.000187,-0.003855,1.987,-0.267,-0.454,-0.046445,0.003013,0.017306,
1.603,-0.014,-0.002,-0.000246,-0.000437,-0.000187,-0.003855,1.987,-0.267,-0.454,-0.046445,0.003013,0.017306,
1.603,-0.014,-0.002,-0.000246,-0.000437,-0.000187,-0.003855,1.987,-0.267,-0.454,-0.046445,0.003013,0.017306,
1.603,-0.014,-0.002,-0.000246,-0.000437,-0.000187,-0.003855,1.987,-0.267,-0.454,-0.046445,0.003013,0.017306,
1.603,-0.014,-0.002,-0.000246,-0.000437,-0.000187,-0.003855,1.987,-0.267,-0.454,-0.046445,0.003013,0.017306,
1.603,-0.014,-0.002,-0.000246,-0.000437,-0.000187,-0.003855,1.987,-0.267,-0.454,-0.046445,0.003013,0.017306,
-204.535,-0.042,-0.004,-1.434119,-0.001291,0.002873,0.007757,208.120,-0.216,-0.009,1.338868,-0.001411,0.014521,
-154.538,-0.043,0.001,-0.414837,0.000590,0.002072,0.018208,158.277,-0.227,-0.002,0.386908,0.000310,0.016112,
-204.535,-0.042,-0.004,-1.434119,-0.001291,0.002873,0.007757,208.120,-0.216,-0.009,1.338868,-0.001411,0.014521,
-154.538,-0.043,0.001,-0.414837,0.000590,0.002072,0.018208,158.277,-0.227,-0.002,0.386908,0.000310,0.016112,
1.603,-0.014,-0.002,-0.000246,-0.000437,-0.000187,-0.003855,1.987,-0.267,-0.454,-0.046445,0.003013,0.017306,
-154.538,-0.043,0.001,-0.414837,0.000590,0.002072,0.018208,158.277,-0.227,-0.002,0.386908,0.000310,0.016112,
3.643,-0.334,-0.404,-0.027598,-0.000171,0.020278,-0.000003,0.000,0.000,0.000,-0.029543,0.001271,0.001537,
-154.538,-0.043,0.001,-0.414837,0.000590,0.002072,0.018208,158.277,-0.227,-0.002,0.386908,0.000310,0.016112,
-183.970,-0.055,-0.003,-4.948508,-0.001086,0.004879,-0.004474,187.650,-0.227,-0.037,4.906897,-0.001579,0.017822,
NaN,NaN,NaN,0.000000,0.000000,0.000000,0.000000,0.000,0.000,0.000,0.000000,0.000000,0.000000,
1.603,-0.014,-0.002,-0.000246,-0.000437,-0.000187,-0.003855,1.987,-0.267,-0.454,-0.046445,0.003013,0.017306,
-223.376,-0.077,-0.005,-0.539660,-0.001678,0.006328,-0.004472,227.036,-0.205,-0.035,0.494841,-0.001102,0.019743,
-183.970,-0.055,-0.003,-4.948508,-0.001086,0.004879,-0.004474,187.650,-0.227,-0.037,4.906897,-0.001579,0.017822,
-194.741,-0.059,-0.006,0.862821,-0.000477,0.005259,-0.011277,198.432,-0.226,-0.019,-0.903717,-0.001562,0.017332,
-167.942,-0.045,0.002,-0.516944,0.000115,0.002222,0.003297,171.530,-0.231,-0.012,0.476259,0.000316,0.015325,
-170.388,-0.054,-0.010,1.238618,-0.000727,0.004906,-0.007533,174.065,-0.242,-0.024,-1.287013,-0.002777,0.018083,
-170.388,-0.054,-0.010,1.238618,-0.000727,0.004906,-0.007533,174.065,-0.242,-0.024,-1.287013,-0.002777,0.018083,
-170.388,-0.054,-0.010,1.238618,-0.000727,0.004906,-0.007533,174.065,-0.242,-0.024,-1.287013,-0.002777,0.018083,
-170.388,-0.054,-0.010,1.238618,-0.000727,0.004906,-0.007533,174.065,-0.242,-0.024,-1.287013,-0.002777,0.018083,
-170.388,-0.054,-0.010,1.238618,-0.000727,0.004906,-0.007533,174.065,-0.242,-0.024,-1.287013,-0.002777,0.018083,
3.597,-0.002,0.001,-0.000883,0.046272,0.032478,0.000000,0.000,-0.031,0.000,-0.000851,0.000589,-0.057533,
NaN,NaN,NaN,0.000000,0.000000,0.000000,0.000000,0.000,0.000,0.000,0.000000,0.000000,0.000000,
-170.388,-0.054,-0.010,1.238618,-0.000727,0.004906,-0.007533,174.065,-0.242,-0.024,-1.287013,-0.002777,0.018083,
-231.509,-0.066,-0.004,2.400969,0.000029,0.003148,0.010545,235.083,-0.211,0.012,-2.430966,-0.000421,0.016133,
-121.548,-0.036,0.004,1.622714,0.001311,0.000982,0.008348,125.230,-0.243,0.026,-1.657752,0.002807,0.016960,
-121.548,-0.036,0.004,1.622714,0.001311,0.000982,0.008348,125.230,-0.243,0.026,-1.657752,0.002807,0.016960,
-123.134,-0.037,0.004,1.319812,0.001330,0.000970,0.009822,126.817,-0.242,0.024,-1.355152,0.002875,0.016880,
-151.231,-0.050,-0.007,2.542085,-0.000243,0.002780,0.004166,154.938,-0.247,0.001,-2.569152,-0.000860,0.018648,
-181.737,-0.055,0.010,-1.844533,0.001150,0.002725,0.025242,185.401,-0.244,0.002,1.803302,0.002498,0.017297,
-181.737,-0.055,0.010,-1.844533,0.001150,0.002725,0.025242,185.401,-0.244,0.002,1.803302,0.002498,0.017297,
-164.086,-0.051,0.003,-0.881139,0.000657,0.002394,0.013387,167.754,-0.245,-0.007,0.866155,0.000782,0.017676,
-241.143,-0.066,0.003,-0.116199,0.001480,0.005352,-0.003048,244.810,-0.206,-0.005,0.099449,0.000760,0.015717,
-178.645,-0.057,-0.010,1.655333,-0.000763,0.005055,-0.000932,182.355,-0.231,-0.019,-1.689089,-0.002311,0.018228,
-150.746,-0.050,-0.007,1.517015,-0.001059,0.002073,0.012713,154.414,-0.256,-0.006,-1.542871,-0.001595,0.019003,
-152.904,-0.049,0.004,-0.566641,0.001544,0.002826,0.016109,156.523,-0.258,-0.007,0.530101,0.001208,0.018222,
-200.880,-0.058,-0.003,0.853569,0.000275,0.004431,-0.003489,204.503,-0.213,-0.014,-0.877692,-0.000476,0.016407,
4.997,3.252,4.260,-0.439704,-1.351898,0.956150,-1.564643,-0.940,15.274,4.511,0.418411,0.002723,0.120454,
-172.950,-0.053,-0.008,2.068239,0.000079,0.004684,0.011252,176.611,-0.239,-0.018,-2.098014,-0.001485,0.017511,
-172.950,-0.053,-0.008,2.068239,0.000079,0.004684,0.011252,176.611,-0.239,-0.018,-2.098014,-0.001485,0.017511,
-194.892,-0.059,-0.003,1.073967,0.000180,0.004862,0.012314,198.550,-0.231,-0.017,-1.104514,-0.000434,0.017261,
-146.177,-0.049,-0.007,1.345727,-0.000678,0.002781,0.010575,149.877,-0.256,-0.018,-1.359606,-0.001781,0.019213,
-668.871,-23.734,0.296,-3.431477,-0.118555,2.097694,-0.911610,674.210,-0.931,0.313,2.240559,0.104854,2.030344,
-150.612,-0.052,0.001,-0.250616,0.000183,0.002818,0.015932,154.335,-0.267,-0.014,0.226926,0.000237,0.019775,
-150.612,-0.052,0.001,-0.250616,0.000183,0.002818,0.015932,154.335,-0.267,-0.014,0.226926,0.000237,0.019775,
-142.300,-0.048,0.000,-0.036263,0.000384,0.002421,0.016690,146.023,-0.265,-0.014,0.013796,0.000069,0.019353,
-229.957,-0.081,0.003,-0.128377,0.000555,0.001322,0.006398,233.689,-0.244,-0.014,0.098772,0.000560,0.020143,
-229.957,-0.081,0.003,-0.128377,0.000555,0.001322,0.006398,233.689,-0.244,-0.014,0.098772,0.000560,0.020143,
-229.957,-0.081,0.003,-0.128377,0.000555,0.001322,0.006398,233.689,-0.244,-0.014,0.098772,0.000560,0.020143,
-161.717,-0.050,-0.009,2.963089,0.000683,0.006419,0.005752,165.331,-0.231,-0.006,-2.979626,-0.001354,0.017471,
89.932,0.033,0.001,-0.970446,-0.002746,-0.001813,-0.002470,-86.270,-0.338,-0.054,0.941561,0.001232,0.020696,
-206.514,-0.060,-0.009,0.457157,0.000075,0.005025,-0.002899,210.119,-0.221,-0.061,-0.470444,-0.002411,0.016711,
-157.547,-0.061,-0.009,2.535340,-0.001252,0.003109,0.005029,161.231,-0.274,0.004,-2.538907,-0.001450,0.021994,
-157.773,-0.056,-0.004,0.860549,-0.000706,0.005378,0.000826,161.392,-0.263,-0.013,-0.877602,-0.001060,0.020367,
-142.998,-0.056,0.004,-0.626584,-0.000647,0.003691,0.019818,146.604,-0.301,0.000,0.612736,0.001076,0.022584,
-142.998,-0.056,0.004,-0.626584,-0.000647,0.003691,0.019818,146.604,-0.301,0.000,0.612736,0.001076,0.022584,
7.246,-0.017,0.012,-0.613334,-0.199603,-0.019396,-0.031969,0.001,0.439,-0.106,-0.612484,0.075694,-0.161586,
0.000,0.000,0.000,0.000000,0.000000,0.000000,-0.017417,7.253,0.427,-0.090,-1.248639,-0.008012,0.009950,
7.511,0.025,-0.011,-1.350587,-0.208844,0.088657,-0.380684,0.000,0.000,0.000,0.000000,0.000000,0.000000,
7.246,-0.017,0.012,-0.613334,-0.199603,-0.019396,-0.031969,0.001,0.439,-0.106,-0.612484,0.075694,-0.161586,
7.228,-0.017,0.012,-0.612832,-0.199394,-0.021140,0.000000,0.001,0.440,-0.110,-0.611975,0.075394,-0.161312,
7.246,-0.017,0.012,-0.613334,-0.199603,-0.019396,-0.031969,0.001,0.439,-0.106,-0.612484,0.075694,-0.161586,
7.246,-0.017,0.012,-0.613334,-0.199603,-0.019396,-0.031969,0.001,0.439,-0.106,-0.612484,0.075694,-0.161586,
0.000,-0.001,0.413,-0.611896,-0.005853,-0.026726,0.007522,7.239,0.053,-0.232,-0.613026,0.018530,0.013540,
0.000,-0.059,0.011,-0.007769,0.002604,0.005515,-0.011027,3.576,-0.226,-0.038,-0.007771,-0.002390,0.013065,
-234.568,-0.056,-0.003,-2.516940,0.000955,0.005215,-0.006641,238.142,-0.169,-0.029,2.497602,-0.001073,0.013648,
0.000,-0.059,0.011,-0.007769,0.002604,0.005515,-0.011027,3.576,-0.226,-0.038,-0.007771,-0.002390,0.013065,
0.000,-0.001,0.413,-0.611896,-0.005853,-0.026726,0.007522,7.239,0.053,-0.232,-0.613026,0.018530,0.013540,
0.000,-0.423,0.448,-0.291589,-0.002104,-0.029078,0.019774,287.233,0.167,-0.955,-0.293195,0.012721,0.009280,
0.000,-0.001,0.413,-0.611896,-0.005853,-0.026726,0.007522,7.239,0.053,-0.232,-0.613026,0.018530,0.013540,
0.000,-0.423,0.448,-0.291589,-0.002104,-0.029079,0.019774,7.233,0.167,-0.955,-0.293194,0.012722,0.009280,
0.000,-0.001,0.413,-0.611896,-0.005853,-0.026726,0.007522,7.239,0.053,-0.232,-0.613026,0.018530,0.013540,
0.000,-0.005,0.412,-0.611909,-0.006158,-0.024425,0.000000,7.243,0.055,-0.235,-0.613013,0.016824,0.012600,
0.000,-0.001,0.413,-0.611896,-0.005853,-0.026726,0.007522,7.239,0.053,-0.232,-0.613026,0.018530,0.013540,
0.000,0.088,0.480,-0.610489,0.049389,-0.095418,-0.081742,7.272,-0.040,-0.210,-0.611141,0.038911,0.089279,
0.000,-0.038,0.320,-0.610364,-0.077289,-0.000840,-0.160577,7.358,0.156,-0.277,-0.611513,-0.009620,-0.063761,
0.000,0.046,0.530,-0.611345,0.044766,-0.045096,0.197881,7.106,-0.075,-0.187,-0.612624,0.038050,0.069440,
0.000,-0.171,0.235,-0.611463,-0.074976,0.043118,0.065048,7.225,0.277,-0.257,-0.612891,0.009010,-0.073654,
0.000,0.014,0.470,-0.607998,-0.002937,-0.028002,0.029451,7.243,0.012,-0.229,-0.613052,0.020180,0.012841,
-23.585,-0.005,-0.573,-0.627070,0.016766,0.003218,0.001809,181.239,-22.584,-60.437,0.098423,-0.884947,0.065242,
-23.585,-0.005,-0.573,-0.627070,0.016766,0.003218,0.001809,181.239,-22.584,-60.437,0.098423,-0.884947,0.065242,
-23.585,-0.005,-0.573,-0.627070,0.016766,0.003218,0.001809,181.239,-22.584,-60.437,0.098423,-0.884947,0.065242,
-23.585,-0.005,-0.573,-0.627070,0.016766,0.003218,0.001809,181.239,-22.584,-60.437,0.098423,-0.884947,0.065242,
-23.585,-0.005,-0.573,-0.627070,0.016766,0.003218,0.001809,181.239,-22.584,-60.437,0.098423,-0.884947,0.065242,
-23.585,-0.005,-0.573,-0.627070,0.016766,0.003218,0.001809,181.239,-22.584,-60.437,0.098423,-0.884947,0.065242,
-23.585,-0.005,-0.573,-0.627070,0.016766,0.003218,0.001809,181.239,-22.584,-60.437,0.098423,-0.884947,0.065242,
-23.585,-0.005,-0.573,-0.627070,0.016766,0.003218,0.001809,181.239,-22.584,-60.437,0.098423,-0.884947,0.065242,
-23.585,-0.005,-0.573,-0.627070,0.016766,0.003218,0.001809,181.239,-22.584,-60.437,0.098423,-0.884947,0.065242,
-23.585,-0.005,-0.573,-0.627070,0.016766,0.003218,0.001809,181.239,-22.584,-60.437,0.098423,-0.884947,0.065242,
-23.585,-0.005,-0.573,-0.627070,0.016766,0.003218,0.001809,181.239,-22.584,-60.437,0.098423,-0.884947,0.065242,
-23.585,-0.005,-0.573,-0.627070,0.016766,0.003218,0.001809,181.239,-22.584,-60.437,0.098423,-0.884947,0.065242,
-23.585,-0.005,-0.573,-0.627070,0.016766,0.003218,0.001809,181.239,-22.584,-60.437,0.098423,-0.884947,0.065242,
-23.585,-0.005,-0.573,-0.627070,0.016766,0.003218,0.001809,181.239,-22.584,-60.437,0.098423,-0.884947,0.065242,
-23.585,-0.005,-0.573,-0.627070,0.016766,0.003218,0.001809,181.239,-22.584,-60.437,0.098423,-0.884947,0.065242,
-23.585,-0.005,-0.573,-0.627070,0.016766,0.003218,0.001809,181.239,-22.584,-60.437,0.098423,-0.884947,0.065242,
-23.585,-0.005,-0.573,-0.627070,0.016766,0.003218,0.001809,181.239,-22.584,-60.437,0.098423,-0.884947,0.065242,
-23.585,-0.005,-0.573,-0.627070,0.016766,0.003218,0.001809,181.239,-22.584,-60.437,0.098423,-0.884947,0.065242,
-53.758,-3.440,12.849,-84.381178,8.953290,79.553177,4.115570,-72.422,-55.324,22.470,36.112391,29.078755,-16.609523,
-53.758,-3.440,12.849,-84.381178,8.953290,79.553177,4.115570,-72.422,-55.324,22.470,36.112391,29.078755,-16.609523,
-54.134,-3.241,14.502,-85.604906,10.157608,79.857302,5.932604,-70.908,-53.482,25.346,38.482680,28.757711,-20.252329,
-53.758,-3.440,12.849,-84.381178,8.953290,79.553177,4.115570,-72.422,-55.324,22.470,36.112391,29.078755,-16.609523,
-53.965,-3.368,12.946,-84.198690,10.602461,79.831106,0.000000,-71.956,-54.778,23.737,37.677052,29.499699,-18.443236,
898.548,-0.006,-0.554,-0.377542,0.005029,0.000107,0.000000,-740.783,-23.598,-74.560,-0.157034,-0.876140,0.060762,
-453.646,-0.020,-0.554,-1.827149,0.004751,0.001295,0.004749,611.253,-22.116,-53.892,1.292949,-0.873807,0.081773,
898.548,-0.006,-0.554,-0.377542,0.005029,0.000107,0.000000,-740.783,-23.598,-74.560,-0.157034,-0.876140,0.060762,
-23.585,-0.005,-0.572,-0.626953,0.017300,0.004229,0.000000,181.239,-22.584,-60.437,0.098021,-0.885869,0.064404,
898.548,-0.006,-0.554,-0.377542,0.005029,0.000107,0.000000,-740.783,-23.598,-74.560,-0.157034,-0.876140,0.060762,
-23.585,-0.005,-0.572,-0.626953,0.017300,0.004229,0.000000,181.239,-22.584,-60.437,0.098021,-0.885869,0.064404,
-23.585,-0.005,-0.572,-0.626953,0.017300,0.004229,0.000000,181.239,-22.584,-60.437,0.098021,-0.885869,0.064404,
-23.585,-0.005,-0.572,-0.626953,0.017300,0.004229,0.000000,181.239,-22.584,-60.437,0.098021,-0.885869,0.064404,
899.113,-0.312,-0.456,-34.186684,0.006578,0.001364,0.000000,-741.347,-23.591,-74.586,-56.351187,-0.538178,-0.695338,
0.000,0.000,0.000,0.000000,0.000000,0.000000,0.000000,157.666,-22.890,-61.298,-30.536708,-0.780966,-0.389971,
899.113,-0.312,-0.456,-34.186684,0.006578,0.001364,0.000000,-741.347,-23.591,-74.586,-56.351187,-0.538178,-0.695338,
-23.585,-0.005,-0.572,-0.626953,0.017300,0.004229,0.000000,181.239,-22.584,-60.437,0.098021,-0.885869,0.064404,
0.000,0.000,0.000,0.000000,0.000000,0.000000,0.000000,157.666,-22.890,-61.298,-30.536708,-0.780966,-0.389971,
899.113,-0.312,-0.456,-34.186684,0.006578,0.001364,0.000000,-741.347,-23.591,-74.586,-56.351187,-0.538178,-0.695338,
-23.585,-0.005,-0.572,-0.626953,0.017300,0.004229,0.000000,181.239,-22.584,-60.437,0.098021,-0.885869,0.064404,
0.000,0.000,0.000,0.000000,0.000000,0.000000,0.000000,157.666,-22.890,-61.298,-30.536708,-0.780966,-0.389971,
899.113,-0.312,-0.456,-34.186684,0.006578,0.001364,0.000000,-741.347,-23.591,-74.586,-56.351187,-0.538178,-0.695338,
105.735,-0.134,-0.537,-13.703673,0.005428,0.001663,0.007790,51.932,-22.721,-62.440,-76.833312,-0.259757,-0.839028,
899.113,-0.312,-0.456,-34.186684,0.006578,0.001364,0.000000,-741.347,-23.591,-74.586,-56.351187,-0.538178,-0.695338,
-23.585,-0.005,-0.572,-0.626953,0.017300,0.004229,0.000000,181.239,-22.584,-60.437,0.098021,-0.885869,0.064404,
-23.585,-0.005,-0.573,-0.627070,0.016766,0.003218,0.001809,181.239,-22.584,-60.437,0.098423,-0.884947,0.065242,
0.000,0.000,0.000,0.000000,0.000000,0.000000,0.000000,157.666,-22.890,-61.298,-30.536708,-0.780966,-0.389971,
0.000,0.000,0.000,0.000000,0.000000,0.000000,0.000000,157.664,-22.891,-61.299,-30.533862,-0.782473,-0.390668,
0.000,0.000,0.000,0.000000,0.000000,0.000000,0.000000,157.666,-22.890,-61.298,-30.536708,-0.780966,-0.389971,
0.000,0.000,0.000,0.000000,0.000000,0.000000,0.000000,4004.723,-581.414,-1556.977,-30.536280,-0.781377,-0.390672,
0.000,0.000,0.000,0.000000,0.000000,0.000000,0.000000,4004.723,-581.414,-1556.977,-30.536280,-0.781377,-0.390672,
0.000,0.000,0.000,0.000000,0.000000,0.000000,0.000000,4004.723,-581.414,-1556.977,-30.536280,-0.781377,-0.390672,
0.000,0.000,0.000,0.000000,0.000000,0.000000,0.000000,4004.723,-581.414,-1556.977,-30.536280,-0.781377,-0.390672,
0.000,0.000,0.000,0.000000,0.000000,0.000000,0.000000,4004.723,-581.414,-1556.977,-30.536280,-0.781377,-0.390672,
0.000,0.000,0.000,0.000000,0.000000,0.000000,0.000000,4004.723,-581.414,-1556.977,-30.536280,-0.781377,-0.390672,
0.000,0.000,0.000,0.000000,0.000000,0.000000,0.000000,4004.723,-581.414,-1556.977,-30.536280,-0.781377,-0.390672,
0.000,0.000,0.000,0.000000,0.000000,0.000000,0.000000,157.666,-22.890,-61.298,-30.536708,-0.780966,-0.389971,
0.000,0.000,0.000,0.000000,0.000000,0.000000,0.000000,157.666,-22.890,-61.298,-30.536708,-0.780966,-0.389971,
0.000,0.000,0.000,0.000000,0.000000,0.000000,0.000000,4004.723,-581.414,-1556.977,-30.536280,-0.781377,-0.390672,
0.000,0.000,0.000,0.000000,0.000000,0.000000,0.000000,4004.723,-581.414,-1556.977,-30.536280,-0.781377,-0.390672,
0.000,0.000,0.000,0.000000,0.000000,0.000000,0.000000,157.666,-22.890,-61.298,-30.536708,-0.780966,-0.389971,
0.000,0.000,0.000,0.000000,0.000000,0.000000,0.000000,157.666,-22.890,-61.298,-30.536708,-0.780966,-0.389971,
-23.585,-0.005,-0.573,-0.627070,0.016766,0.003218,0.001809,181.239,-22.584,-60.437,0.098423,-0.884947,0.065242,
-23.585,-0.005,-0.572,-0.626953,0.017300,0.004229,0.000000,181.239,-22.584,-60.437,0.098021,-0.885869,0.064404,
0.000,0.000,0.000,0.000000,0.000000,0.000000,0.000000,160.067,-22.569,-59.286,0.548882,-2.866517,0.082362,
-23.585,-0.005,-0.572,-0.626953,0.017300,0.004229,0.000000,181.239,-22.584,-60.437,0.098021,-0.885869,0.064404,
0.000,0.000,0.000,0.000000,0.000000,0.000000,0.000000,160.067,-22.569,-59.286,0.548882,-2.866517,0.082362,
-23.585,-0.005,-0.572,-0.626953,0.017300,0.004229,0.000000,181.239,-22.584,-60.437,0.098021,-0.885869,0.064404,
0.000,0.000,0.000,0.000000,0.000000,0.000000,0.000000,157.666,-22.890,-61.298,-30.536708,-0.780966,-0.389971,
-23.585,-0.005,-0.572,-0.626953,0.017300,0.004229,0.000000,181.239,-22.584,-60.437,0.098021,-0.885869,0.064404,
-23.585,-0.005,-0.572,-0.626953,0.017300,0.004229,0.000000,181.239,-22.584,-60.437,0.098021,-0.885869,0.064404,
0.000,0.000,0.000,0.000000,0.000000,0.000000,0.000000,-0.922,8.502,157.771,83.256936,9.788532,92.971622,
105.105,306.692,22.829,16.169628,-79.165789,-26.960870,0.000000,254.697,-41.782,352.086,17.037025,-42.141736,110.482045,
0.000,0.000,0.000,0.000000,0.000000,0.000000,0.000000,-0.922,8.502,157.771,83.256936,9.788532,92.971622,
105.105,306.692,22.829,16.169628,-79.165789,-26.960870,0.000000,254.697,-41.782,352.086,17.037025,-42.141736,110.482045,
105.105,306.692,22.829,16.169628,-79.165789,-26.960870,0.000000,254.697,-41.782,352.086,17.037025,-42.141736,110.482045,
161.764,183.106,339.946,-14.921628,-2.206469,14.110384,0.815335,-227.838,-47.086,-369.149,-75.161565,14.234181,-1.514250,
161.764,183.106,339.946,-14.921628,-2.206469,14.110384,0.815335,-227.838,-47.086,-369.149,-75.161565,14.234181,-1.514250,
161.764,183.106,339.946,-14.921628,-2.206469,14.110384,0.815335,-227.838,-47.086,-369.149,-75.161565,14.234181,-1.514250,
161.764,183.106,339.946,-14.921628,-2.206469,14.110384,0.000000,-227.279,-47.227,-369.171,-75.161565,14.234181,-1.514250,
161.764,183.106,339.946,-14.921628,-2.206469,14.110384,0.000000,-227.279,-47.227,-369.171,-75.161565,14.234181,-1.514250,
-28.790,0.063,-0.033,0.579050,-0.015801,-0.027486,0.000000,28.968,-0.030,-0.039,-0.605945,-0.014311,-0.050203,
205.761,0.062,-0.033,-1.047719,-0.015120,-0.027536,0.015446,-205.592,0.180,-0.099,1.023626,-0.015594,-0.050493,
662.364,0.084,0.022,-0.073918,0.005219,-0.035543,-0.013801,-662.180,0.561,-0.488,0.064268,-0.033813,-0.048562,
553.353,0.057,0.054,-0.111340,0.014536,-0.027538,-0.015798,-553.165,0.480,-0.663,0.113302,-0.052046,-0.049185,
900.724,0.054,0.031,0.509907,0.008747,-0.027178,-0.003726,-900.542,1.115,-1.067,-0.455812,-0.056003,-0.066398,
205.761,0.062,-0.033,-1.047719,-0.015120,-0.027536,0.015446,-205.592,0.180,-0.099,1.023626,-0.015594,-0.050493,
106.813,0.065,-0.047,-0.163209,-0.019966,-0.028261,0.021211,-106.647,0.070,-0.100,0.115970,-0.019742,-0.047678,
224.621,0.071,-0.010,0.847864,-0.009675,-0.029918,0.008330,-224.448,0.121,-0.158,-0.903691,-0.021392,-0.042102,
343.638,0.076,-0.027,-0.290906,-0.014619,-0.031016,0.011898,-343.465,0.167,-0.256,0.209808,-0.027723,-0.038079,
-87.111,0.089,0.005,-0.622413,-0.004094,-0.034769,0.012710,87.284,-0.082,-0.061,0.599266,-0.033992,-0.048646,
-772.435,0.099,-0.012,-0.854978,-0.007986,-0.037942,0.027941,772.596,-0.783,0.373,0.870675,-0.037712,-0.061085,
-4219.336,0.128,-0.013,0.131266,-0.007427,-0.046529,0.027914,4219.492,-5.635,1.972,-0.061549,-0.027954,-0.078195,
-744.000,0.160,-0.021,1.189387,-0.010683,-0.055292,0.023874,744.160,-0.923,0.203,-1.133506,-0.019227,-0.081253,
901.689,0.160,-0.023,-0.229874,-0.009111,-0.055926,0.018877,-901.524,1.426,-0.398,0.293168,-0.021560,-0.081979,
-914.865,0.162,-0.023,-0.597224,-0.007455,-0.057045,0.013067,915.031,-1.192,0.287,0.668756,-0.022998,-0.083374,
-13956.861,0.162,-0.018,0.944326,-0.006763,-0.057259,0.006943,13957.015,-19.723,5.547,-0.880649,-0.021781,-0.081863,
-1369.410,0.161,-0.018,1.500006,-0.007235,-0.056977,0.000000,1369.582,-1.811,0.490,-1.437922,-0.021218,-0.081911,
-13956.861,0.162,-0.018,0.944326,-0.006763,-0.057259,0.006943,13957.015,-19.723,5.547,-0.880649,-0.021781,-0.081863,
205.761,0.062,-0.033,-1.047719,-0.015120,-0.027536,0.015446,-205.592,0.180,-0.099,1.023626,-0.015594,-0.050493,
156.983,0.103,0.003,-0.323107,-0.005155,-0.038627,0.010880,-156.810,0.097,-0.181,0.280393,-0.030141,-0.045082,
-744.000,0.160,-0.021,1.189387,-0.010683,-0.055292,0.023874,744.160,-0.923,0.203,-1.133506,-0.019227,-0.081253,
-742.161,0.172,-0.009,1.200728,-0.007873,-0.058380,0.023161,742.324,-0.926,0.209,-1.169853,-0.019976,-0.081072,
205.761,0.062,-0.033,-1.047719,-0.015120,-0.027536,0.015446,-205.592,0.180,-0.099,1.023626,-0.015594,-0.050493,
1160.148,-0.012,0.018,0.034178,0.006046,0.000381,0.011652,-1159.979,0.263,-0.041,0.021656,-0.002025,-0.014836,
-1665.296,-0.013,0.018,-0.016267,0.005833,0.000045,0.002795,1665.460,-0.532,0.122,0.066372,-0.004073,-0.017217,
1160.148,-0.012,0.018,0.034178,0.006046,0.000381,0.011652,-1159.979,0.263,-0.041,0.021656,-0.002025,-0.014836,
-1665.296,-0.013,0.018,-0.016267,0.005833,0.000045,0.002795,1665.460,-0.532,0.122,0.066372,-0.004073,-0.017217,
104.201,0.039,0.017,-0.133567,0.009969,-0.014100,0.003446,-103.862,0.218,-0.374,0.266624,-0.069571,-0.078956,
-16.455,0.030,-0.032,0.287939,-0.006443,-0.012286,0.004097,16.796,-0.009,-0.195,-0.204742,-0.058125,-0.064251,
90.644,0.030,-0.043,-0.514819,-0.008922,-0.011890,0.007366,-90.304,0.121,-0.289,0.614229,-0.056023,-0.064640,
171.742,0.032,-0.065,-0.034156,-0.014205,-0.011295,0.009202,-171.403,0.243,-0.321,0.170840,-0.048531,-0.068280,
-16.455,0.030,-0.032,0.287939,-0.006443,-0.012286,0.004097,16.796,-0.009,-0.195,-0.204742,-0.058125,-0.064251,
0.000,0.000,0.000,0.000000,0.000000,0.000000,0.000000,95.675,2.826,-13.148,-0.306199,0.010350,-2.948944,
0.000,0.000,0.000,0.000000,0.000000,0.000000,0.000000,100.519,1.736,-24.980,-0.343028,-0.198224,1.438796,
0.000,0.000,0.000,0.000000,0.000000,0.000000,0.000000,99.776,2.436,-24.948,-0.156405,-0.195941,1.107456,
126.039,-1.218,1.140,-67.566895,-0.332707,89.774543,0.000000,266.350,125.985,-110.974,-0.494930,178.516741,-89.697759,
-73.556,-52.033,-216.610,-2.218862,48.402564,2.285358,0.000000,467.515,48.597,-8.454,0.572399,46.344130,-1.865292,
-387.028,-266.201,-40.683,-58.808956,39.137104,50.897169,0.000000,523.847,-45.157,-489.798,-31.748540,75.944262,-6.302477,
-2060.358,-3.216,7.747,4.782371,179.890227,89.897713,0.000000,266.265,2060.299,-105.042,-38.969929,-90.015898,50.967938,
1960.804,3.212,-7.748,4.774095,0.116114,-90.103292,0.000000,266.765,-1960.860,-109.369,-136.504106,89.994085,226.565303,
-68.693,3.094,-1.036,-138.822674,-0.409887,89.441010,0.000000,264.503,-68.721,-101.260,-58.985696,90.422737,-31.520958,
1960.804,3.212,-7.748,4.774095,0.116114,-90.103292,0.000000,266.765,-1960.860,-109.369,-136.504106,89.994085,226.565303,
162.304,331.613,1227.210,20.865467,-46.665352,29.578011,0.000000,1525.553,-224.424,-256.504,-67.732943,26.768835,-94.851638,
-51.151,208.717,299.654,-0.569381,-49.622591,40.636467,0.000000,607.701,-27.847,-262.601,-83.673981,35.197475,-54.100381,
-528.856,192.974,-985.072,96.880737,-72.653715,30.881101,0.000000,1074.848,739.619,194.595,80.315858,-5.932291,-20.825102,
-114.701,-209.886,-178.405,74.348254,-19.187814,36.701352,0.000000,511.514,147.992,-203.244,55.181397,-30.216022,-17.597909,
-116.824,-14.192,132.143,40.734410,3.300626,-11.117384,0.000000,389.559,-50.729,-228.289,49.492613,9.303162,6.073706,
-120.670,128.376,-73.677,28.846394,15.402934,9.327388,0.000000,404.577,-89.238,-25.167,28.939239,12.537368,-17.100635,
61.157,-172.894,2.794,4.308043,33.291096,-6.146989,0.000000,189.945,166.566,-73.687,33.644746,29.458271,-12.239062,
1960.804,3.212,-7.748,4.774095,0.116114,-90.103292,0.000000,266.765,-1960.860,-109.369,-136.504106,89.994085,226.565303,
-1792.046,1.349,-8.278,-8.499401,0.115628,-90.103945,0.003214,266.507,1791.987,-105.328,0.078368,103.277622,89.983453,
1354.818,-3.963,-2.408,-185.852689,-0.324292,90.208546,0.081121,261.562,1354.787,-107.034,-99.992213,89.484730,9.651705,
-4142.858,-3.446,7.634,6.566880,-180.124532,89.895070,0.005670,266.425,4142.795,-103.307,-0.036380,-91.800421,89.908828,
473.426,-2.038,6.148,29.838554,-0.040854,90.695480,-0.342788,271.370,473.048,-122.872,0.957804,-111.119766,-88.445053,
451.494,2.993,-1.301,-143.810422,-0.409073,89.439793,-0.013695,267.795,451.429,-105.856,-356.161793,85.217882,265.640700,
-1792.046,1.349,-8.278,-8.499401,0.115628,-90.103945,0.003214,266.507,1791.987,-105.328,0.078368,103.277622,89.983453,
2505.400,9.720,8.429,-50.508116,1.133061,93.518738,-1.721720,366.947,2497.497,-266.820,-14.229985,-76.601266,-101.229898,
-559.328,7.725,3.269,95.182544,0.114005,-90.102861,0.000848,266.540,559.267,-106.663,0.062255,-0.433648,90.008788,
452.100,-2.095,-8.330,-17.510535,-0.022964,89.772209,0.041397,267.381,452.096,-104.980,-31.759013,89.672619,-58.727784,
1630.021,-3.215,7.749,-175.222327,0.112978,-90.105346,0.003712,266.760,-1630.078,-109.102,-81.328647,269.995280,8.607184,
70.420,-6.550,-7.124,-68.491736,0.348575,92.730812,-0.277669,268.627,70.527,-102.482,-3.937125,46.214160,-89.265001,
657.364,6.162,-5.693,29.510113,0.113270,-90.108591,0.003175,266.663,-657.421,-108.042,0.059697,65.268356,90.007721,
-429.543,2.763,-7.244,-25.696431,-2.725897,93.712919,-1.097375,249.287,-428.016,-63.800,-37.466379,94.202462,-56.937830,
-239.580,1.015,-3.440,61.087954,1.906058,89.014020,-0.173256,261.103,-239.623,-108.758,-5.250054,-79.238345,-94.976487,
-8599.553,0.092,-0.691,-59.330019,3.599286,87.566853,-0.329651,200.261,-8578.872,-696.559,-176.573664,50.666169,90.683991,
2575.705,-1.319,-1.945,-113.194245,2.483242,94.009262,0.718928,38.191,2565.899,-89.246,-17.822183,74.013063,-71.197384,
383.269,1.491,-1.965,-80.457397,0.763960,93.509142,0.734525,239.968,382.604,-109.473,-166.818265,74.786126,75.081655,
-3666.799,3.211,-7.747,-175.229733,179.883791,89.897027,0.004589,266.409,3666.739,-103.375,23.912658,90.008378,66.148270,
713.336,0.500,-2.386,78.983336,-0.746692,82.798705,-1.056383,335.232,708.211,-60.951,16.094712,244.586260,-76.138630,
-3666.799,3.211,-7.747,-175.229733,179.883791,89.897027,0.004589,266.409,3666.739,-103.375,23.912658,90.008378,66.148270,
-566.425,-1.469,1.607,-80.439232,2.530985,87.864946,-0.286047,262.566,-565.953,-125.994,-177.878945,89.975725,90.061439,
-308.963,-1.307,-0.711,-65.389727,2.050549,84.004058,-0.814258,248.254,-307.244,-134.064,-20.535075,96.419254,-63.734216,
-24.817,-0.787,-0.577,-61.362426,-0.844357,85.596395,-0.774097,261.421,-24.986,-104.794,-15.281139,103.507471,-71.863705,
28.779,-1.469,-2.161,-58.985072,-1.281835,91.152807,0.129276,264.430,28.710,-103.955,-35.517341,89.906164,-56.216878,
-125.663,-1.831,-2.579,-61.184860,5.099730,95.802744,0.997294,281.884,-123.855,-98.513,-81.907573,82.141846,-10.123759,
-2680.071,2.218,6.241,-15.321500,160.241267,-80.755474,3.324319,1285.219,-2467.413,-312.731,23.133372,-37.498772,-61.392871,
-6327.312,4.450,5.522,-227.072499,25.437513,100.990978,2.232135,3213.828,-5582.456,-488.415,74.627737,-60.858435,-17.009339,
-3641.573,-3.215,7.751,4.755361,179.891329,89.904354,0.015538,266.006,3641.508,-103.061,-55.429883,-90.011789,34.503760,
432.950,3.207,-7.753,4.684049,0.119460,-90.097494,0.013884,266.655,-433.019,-107.786,13.575258,90.018786,76.492763,
-505.109,1.784,3.359,-51.962993,159.501189,-77.177235,2.382475,469.518,-459.222,-127.543,63.340271,-63.019725,-26.889424,
-6365.313,-0.925,-1.422,-33.215172,166.296739,-79.543392,2.190885,2131.535,-6083.554,-183.205,25.938029,-54.133267,-59.890267,
2038.674,-2.902,1.690,28.620963,161.787186,-79.150271,2.028655,-466.889,1903.967,-55.699,2.943837,-3.931926,-68.924776,
-1792.046,1.349,-8.278,-8.499401,0.115628,-90.103945,0.003214,266.507,1791.987,-105.328,0.078368,103.277622,89.983453,
-945.507,-3.211,7.747,4.777312,179.883008,89.898978,0.000881,266.559,945.449,-106.318,-46.842035,-90.005633,43.100210,
5836.659,1.446,-4.312,-86.106852,0.890652,96.433120,1.291039,-408.658,5794.561,-303.188,-155.956320,75.110359,63.173462,
-945.507,-3.211,7.747,4.777312,179.883008,89.898978,0.000881,266.559,945.449,-106.318,-46.842035,-90.005633,43.100210,
-945.507,-3.211,7.747,4.777312,179.883008,89.898978,0.000881,266.559,945.449,-106.318,-46.842035,-90.005633,43.100210,
0.000,0.000,0.000,0.000000,0.000000,0.000000,0.000000,0.000,0.000,0.000,-0.005066,-180.035632,180.054399,
0.000,0.000,0.000,0.000000,0.000000,0.000000,0.000000,15.000,0.000,0.000,-0.000220,-179.953606,179.986558,
0.000,0.000,0.000,0.000000,0.000000,0.000000,0.000000,15.000,0.000,0.000,-0.000220,-179.953606,179.986558,
0.000,0.000,0.000,0.000000,0.000000,0.000000,0.000000,561.527,15.747,-162.881,90.930814,-15.203076,-0.030870,
0.000,0.000,0.000,0.000000,0.000000,0.000000,0.000000,-14401.535,-35.146,-290.790,-0.770908,-0.015468,0.210011,
0.000,0.000,0.000,0.000000,0.000000,0.000000,0.000000,-0.238,0.284,-0.057,-0.003666,0.000060,0.001144,
0.000,0.000,0.000,0.000000,0.000000,0.000000,0.000000,-0.230,0.203,-0.065,-0.005839,-0.000355,0.001154,
0.000,0.000,0.000,0.000000,0.000000,0.000000,0.000000,-0.182,0.258,0.002,-0.003820,-0.000013,0.000960,
0.000,0.000,0.000,0.000000,0.000000,0.000000,0.000000,-0.025,-339.953,-106.074,34.994491,-0.002595,-0.019012,
0.000,0.000,0.000,0.000000,0.000000,0.000000,0.000000,0.000,-593.643,-504.417,80.989619,0.003558,-0.004431,
0.000,0.000,0.000,0.000000,0.000000,0.000000,0.000000,0.034,486.717,-248.061,-53.989206,0.003884,-0.004873,
0.000,0.000,0.000,0.000000,0.000000,0.000000,0.000000,-0.025,-339.953,-106.074,34.994491,-0.002595,-0.019012,
0.000,0.000,0.000,0.000000,0.000000,0.000000,0.000000,0.034,486.717,-248.061,-53.989206,0.003884,-0.004873,
0.000,0.000,0.000,0.000000,0.000000,0.000000,0.000000,0.000,-593.643,-504.417,80.989619,0.003558,-0.004431,
0.000,0.000,0.000,0.000000,0.000000,0.000000,0.000000,0.050,596.562,-529.839,-82.991032,0.004306,-0.010668,
0.000,0.000,0.000,0.000000,0.000000,0.000000,0.000000,-0.036,-517.789,-296.830,59.993263,-0.001459,-0.013566,
0.000,0.000,0.000,0.000000,0.000000,0.000000,0.000000,572.781,1.833,3465.355,-0.002320,13.997675,-0.006644,
0.000,0.000,0.000,0.000000,0.000000,0.000000,0.000000,16.175,3.888,-1508.593,0.004108,-6.000241,-0.015305,
0.000,0.000,0.000,0.000000,0.000000,0.000000,0.000000,-8.282,4.569,-251.462,0.008049,-1.000204,-0.018269,
0.000,0.000,0.000,0.000000,0.000000,0.000000,0.000000,234.026,4.008,-3254.471,0.004640,-12.998838,-0.015100,
0.000,0.000,0.000,0.000000,0.000000,0.000000,0.000000,-8.282,4.569,-251.462,0.008049,-1.000204,-0.018269,
0.000,0.000,0.000,0.000000,0.000000,0.000000,0.000000,107.082,0.473,1252.572,0.002208,4.999144,-0.002076,
0.000,0.000,0.000,0.000000,0.000000,0.000000,0.000000,0.000,0.000,0.000,0.000000,0.000000,0.000000,
0.000,0.000,0.000,0.000000,0.000000,0.000000,0.000000,14399.168,-14400.823,-0.293,0.001152,0.008888,89.997228,
0.000,0.000,0.000,0.000000,0.000000,0.000000,0.000000,28800.606,-0.870,0.908,179.991709,180.003605,0.000285,
0.000,0.000,0.000,0.000000,0.000000,0.000000,0.000000,14400.189,14399.886,-2.394,-0.009535,-0.015317,-89.997866,
0.000,0.000,0.000,0.000000,0.000000,0.000000,0.000000,-0.005,0.303,-0.103,0.000410,-0.000408,-0.001209,
0.000,0.000,0.000,0.000000,0.000000,0.000000,0.000000,4377.448,285.446,-10953.280,92.006822,-2.992599,45.991665,
0.000,0.000,0.000,0.000000,0.000000,0.000000,0.000000,28287.713,-3359.205,1294.044,-112.010838,-166.992747,1.980816,
0.000,0.000,0.000,0.000000,0.000000,0.000000,0.000000,4840.274,3308.482,9665.550,55.987159,13.986667,-46.007036,
0.000,0.000,0.000,0.000000,0.000000,0.000000,0.000000,456.563,-2121.086,2369.458,44.221324,12.113794,-2.183891,
0.000,0.000,0.000,0.000000,0.000000,0.000000,0.000000,64.128,1275.142,-1362.906,39.093885,-7.951957,-2.021045,
0.000,0.000,0.000,0.000000,0.000000,0.000000,0.000000,14477.113,13511.439,4414.970,17.996276,6.980575,-90.013273,
0.000,0.000,0.000,0.000000,0.000000,0.000000,0.000000,58.782,98.761,-2028.310,14.002312,-8.000745,0.993859,
0.000,0.000,0.000,0.000000,0.000000,0.000000,0.000000,24853.925,9573.384,-3206.403,-7.008590,10.989396,-137.001371,
0.000,0.000,0.000,0.000000,0.000000,0.000000,0.000000,24355.199,-9783.695,2993.878,-13.992332,-2.995323,133.983367,
0.000,0.000,0.000,0.000000,0.000000,0.000000,0.000000,4757.067,-9028.982,5163.850,-21.995631,8.009339,46.992977,
0.000,0.000,0.000,0.000000,0.000000,0.000000,0.000000,3856.921,-7018.351,6278.587,-41.987775,-0.989641,42.985386,
0.000,0.000,0.000,0.000000,0.000000,0.000000,0.000000,24195.954,6780.889,-8711.018,-44.990320,8.988661,-133.006022,
0.000,0.000,0.000,0.000000,0.000000,0.000000,0.000000,24780.762,5997.201,-8600.333,-63.988061,-7.013042,-137.002189,
0.000,0.000,0.000,0.000000,0.000000,0.000000,0.000000,14209.638,-3616.234,13350.551,-72.990131,6.012350,88.987879,
0.000,0.000,0.000,0.000000,0.000000,0.000000,0.000000,24848.510,-1076.002,9269.553,-92.006908,11.004366,136.976099,
0.000,0.000,0.000,0.000000,0.000000,0.000000,0.000000,456.563,-2121.086,2369.458,44.221324,12.113794,-2.183891,
0.000,0.000,0.000,0.000000,0.000000,0.000000,0.000000,456.563,-2121.086,2369.458,44.221324,12.113794,-2.183891,
0.000,0.000,0.000,0.000000,0.000000,0.000000,0.000000,4840.274,3308.482,9665.550,55.987159,13.986667,-46.007036,
0.000,0.000,0.000,0.000000,0.000000,0.000000,0.000000,28287.713,-3359.205,1294.044,-112.010838,-166.992747,1.980816,
0.000,0.000,0.000,0.000000,0.000000,0.000000,0.000000,456.563,-2121.086,2369.458,44.221324,12.113794,-2.183891,
0.000,0.000,0.000,0.000000,0.000000,0.000000,0.000000,64.128,1275.142,-1362.906,39.093885,-7.951957,-2.021045,
0.000,0.000,0.000,0.000000,0.000000,0.000000,0.000000,14477.113,13511.439,4414.970,17.996276,6.980575,-90.013273,
0.000,0.000,0.000,0.000000,0.000000,0.000000,0.000000,64.128,1275.142,-1362.906,39.093885,-7.951957,-2.021045,
0.000,0.000,0.000,0.000000,0.000000,0.000000,0.000000,456.563,-2121.086,2369.458,44.221324,12.113794,-2.183891,
0.000,0.000,0.000,0.000000,0.000000,0.000000,0.000000,58.782,98.761,-2028.310,14.002312,-8.000745,0.993859,
0.000,0.000,0.000,0.000000,0.000000,0.000000,0.000000,58.782,98.761,-2028.310,14.002312,-8.000745,0.993859,
0.000,0.000,0.000,0.000000,0.000000,0.000000,0.000000,456.563,-2121.086,2369.458,44.221324,12.113794,-2.183891,
0.000,0.000,0.000,0.000000,0.000000,0.000000,0.000000,24848.510,-1076.002,9269.553,-92.006908,11.004366,136.976099,
0.000,0.000,0.000,0.000000,0.000000,0.000000,0.000000,14209.638,-3616.234,13350.551,-72.990131,6.012350,88.987879,
0.000,0.000,0.000,0.000000,0.000000,0.000000,0.000000,28287.713,-3359.205,1294.044,-112.010838,-166.992747,1.980816,
0.000,0.000,0.000,0.000000,0.000000,0.000000,0.000000,-7997.897,-210.175,397.092,0.203956,-0.564410,1.608111,
0.000,0.000,0.000,0.000000,0.000000,0.000000,0.000000,-7997.884,-210.170,397.172,0.204867,-0.563941,1.607924,
0.000,0.000,0.000,0.000000,0.000000,0.000000,0.000000,1283.333,33.699,-2447.751,90.204963,182.800403,-2.695064,
0.000,0.000,0.000,0.000000,0.000000,0.000000,0.000000,1283.329,33.724,-2447.743,-89.793136,-2.799502,177.305097,
0.000,0.000,0.000,0.000000,0.000000,0.000000,0.000000,1282.921,32.986,-2448.381,90.185255,182.807501,-2.687573,
0.000,0.000,0.000,0.000000,0.000000,0.000000,0.000000,1282.921,32.986,-2448.381,90.185255,182.807501,-2.687573,
0.000,0.000,0.000,0.000000,0.000000,0.000000,0.000000,0.066,0.128,-0.165,0.000591,-0.000669,-0.000417,
0.000,0.000,0.000,0.000000,0.000000,0.000000,0.000000,-3691.315,13980.332,-165.653,0.019453,-0.013615,-74.982272,
0.000,0.000,0.000,0.000000,0.000000,0.000000,0.000000,-14400.382,2.811,-270.452,0.013363,0.004779,-0.009799,
0.000,0.000,0.000,0.000000,0.000000,0.000000,0.000000,14400.360,-0.285,271.654,-0.013382,-0.004768,0.009779,
0.000,0.000,0.000,0.000000,0.000000,0.000000,0.000000,14400.323,-500.267,114.097,34.981107,-0.007272,-0.009229,
0.000,0.000,0.000,0.000000,0.000000,0.000000,0.000000,14400.377,-861.280,-463.393,80.976210,-0.001162,0.005378,
0.000,0.000,0.000,0.000000,0.000000,0.000000,0.000000,14400.412,704.782,-87.699,-54.002613,-0.000885,0.004918,
0.000,0.000,0.000,0.000000,0.000000,0.000000,0.000000,14400.317,-755.197,-163.991,59.979934,-0.006256,-0.003792,
0.000,0.000,0.000,0.000000,0.000000,0.000000,0.000000,14400.431,864.750,-493.878,-83.004375,-0.000430,-0.000863,
0.000,0.000,0.000,0.000000,0.000000,0.000000,0.000000,14611.239,-0.250,245.746,-0.016201,13.993000,0.006566,
0.000,0.000,0.000,0.000000,0.000000,0.000000,0.000000,14309.245,-0.370,266.880,-0.009330,-6.004991,-0.006883,
0.000,0.000,0.000,0.000000,0.000000,0.000000,0.000000,14385.141,-0.381,271.522,-0.005304,-1.004982,-0.008751,
0.000,0.000,0.000,0.000000,0.000000,0.000000,0.000000,14204.267,-0.356,249.312,-0.009029,-13.003631,-0.008356,
0.000,0.000,0.000,0.000000,0.000000,0.000000,0.000000,14476.335,-0.296,268.333,-0.011209,4.994341,0.008881,
0.000,0.000,0.000,0.000000,0.000000,0.000000,0.000000,14400.360,-0.285,271.654,-0.013382,-0.004768,0.009779,
0.000,0.000,0.000,0.000000,0.000000,0.000000,0.000000,14400.192,-0.468,271.650,0.005871,-0.004491,90.007020,
0.000,0.000,0.000,0.000000,0.000000,0.000000,0.000000,14400.228,-0.617,271.655,180.005079,179.998901,0.010111,
0.000,0.000,0.000,0.000000,0.000000,0.000000,0.000000,14400.367,-0.429,271.657,-0.014250,-0.001955,-89.988041,
0.000,0.000,0.000,0.000000,0.000000,0.000000,0.000000,14400.353,-0.288,271.653,-0.012950,-0.005209,0.008561,
0.000,0.000,0.000,0.000000,0.000000,0.000000,0.000000,14354.663,-870.373,-630.325,92.000986,-3.005597,46.001142,
0.000,0.000,0.000,0.000000,0.000000,0.000000,0.000000,14204.075,-787.915,-281.962,-111.997236,-166.997942,1.993694,
0.000,0.000,0.000,0.000000,0.000000,0.000000,0.000000,14611.251,-701.463,-126.924,55.974118,13.993044,-45.994075,
0.000,0.000,0.000,0.000000,0.000000,0.000000,0.000000,14506.535,-267.850,222.771,17.991525,6.994011,-90.002909,
0.000,0.000,0.000,0.000000,0.000000,0.000000,0.000000,14279.022,-209.147,237.554,13.988946,-8.005744,1.001838,
0.000,0.000,0.000,0.000000,0.000000,0.000000,0.000000,14566.658,103.719,249.284,-7.001893,11.001976,-136.992806,
0.000,0.000,0.000,0.000000,0.000000,0.000000,0.000000,14354.548,209.948,244.653,-13.979563,-3.001618,133.993907,
0.000,0.000,0.000,0.000000,0.000000,0.000000,0.000000,14521.624,323.053,200.279,-22.001288,7.996324,47.003535,
0.000,0.000,0.000,0.000000,0.000000,0.000000,0.000000,14385.112,582.761,47.660,-41.994319,-1.002311,42.995095,
0.000,0.000,0.000,0.000000,0.000000,0.000000,0.000000,14536.685,608.085,9.026,-44.984625,9.001707,-132.997090,
0.000,0.000,0.000,0.000000,0.000000,0.000000,0.000000,14294.067,777.003,-220.422,-63.981524,-7.000494,-136.991575,
0.000,0.000,0.000,0.000000,0.000000,0.000000,0.000000,14491.343,828.572,-346.475,-72.985590,5.998895,88.997248,
0.000,0.000,0.000,0.000000,0.000000,0.000000,0.000000,14566.471,854.690,-629.755,-91.993739,10.998714,136.983329,
0.000,0.000,0.000,0.000000,0.000000,0.000000,0.000000,-853.107,-578.834,802.911,9.385245,-13.007356,1.395947,
0.000,0.000,0.000,0.000000,0.000000,0.000000,0.000000,-853.107,-578.834,802.911,9.385245,-13.007356,1.395947,
0.000,0.000,0.000,0.000000,0.000000,0.000000,0.000000,310.206,206.904,-435.131,-4.025245,5.726308,0.058933,
0.000,0.000,0.000,0.000000,0.000000,0.000000,0.000000,-737.030,-499.437,718.703,8.173335,-11.395824,1.099375,
0.000,0.000,0.000,0.000000,0.000000,0.000000,0.000000,0.000,0.000,0.000,0.000000,0.000000,0.000000,
0.000,0.000,0.000,0.000000,0.000000,0.000000,0.000000,-7.735,-77.836,0.454,0.022302,-0.008252,-1.000788,
0.000,0.000,0.000,0.000000,0.000000,0.000000,0.000000,13.904,623.576,-6.154,-0.164443,0.071345,8.000445,
0.000,0.000,0.000,0.000000,0.000000,0.000000,0.000000,356.930,-2246.097,-2297.251,45.888057,9.217901,-9.403284,
0.000,0.000,0.000,0.000000,0.000000,0.000000,0.000000,-853.107,-578.834,802.911,9.385245,-13.007356,1.395947,
0.000,0.000,0.000,0.000000,0.000000,0.000000,0.000000,-7.735,-77.836,0.454,0.022302,-0.008252,-1.000788,
0.000,0.000,0.000,0.000000,0.000000,0.000000,0.000000,-7.724,-77.755,0.450,0.022252,-0.008194,-0.999710,
0.000,0.000,0.000,0.000000,0.000000,0.000000,0.000000,-1373.951,2096.249,-7613.940,141.212393,24.915115,-61.284886,
0.000,0.000,0.000,0.000000,0.000000,0.000000,0.000000,10893.502,4044.564,-4158.682,-74.629382,1.143012,54.940254,
0.000,0.000,0.000,0.000000,0.000000,0.000000,0.000000,10391.163,3230.172,-5550.358,-90.778565,1.048713,62.941815,
0.000,0.000,0.000,0.000000,0.000000,0.000000,0.000000,8237.367,-4332.261,-5178.043,90.839917,43.850879,-125.687275,
0.000,0.000,0.000,0.000000,0.000000,0.000000,0.000000,13657.116,5658.150,-4.259,-0.034009,0.009271,-134.999365,
0.000,0.000,0.000,0.000000,0.000000,0.000000,0.000000,8000.649,-0.330,-369.813,-0.032319,0.015363,-135.008552,
0.000,0.000,0.000,0.000000,0.000000,0.000000,0.000000,7853.989,-242.421,-398.682,9.963132,-5.986198,-136.015346,
0.000,0.000,0.000,0.000000,0.000000,0.000000,0.000000,8000.659,172.056,-380.418,-7.002855,-0.004813,-0.010544,
0.000,0.000,0.000,0.000000,0.000000,0.000000,0.000000,8000.696,-337.952,-411.177,13.988602,-0.000391,-0.007883,
0.000,0.000,0.000,0.000000,0.000000,0.000000,0.000000,7927.297,1.232,-371.706,-0.006228,-3.003756,-0.012754,
0.000,0.000,0.000,0.000000,0.000000,0.000000,0.000000,8001.120,0.117,-369.828,-0.030200,0.001977,-90.009351,
0.000,0.000,0.000,0.000000,0.000000,0.000000,0.000000,8123.373,454.799,-451.343,-19.024340,5.001332,-89.007229,
0.000,0.000,0.000,0.000000,0.000000,0.000000,0.000000,8024.419,291.090,-400.580,-12.019766,1.024551,178.989343,
0.000,0.000,0.000,0.000000,0.000000,0.000000,0.000000,7999.925,479.210,-454.232,-20.018403,0.023192,177.988985,
0.000,0.000,0.000,0.000000,0.000000,0.000000,0.000000,7951.701,-267.645,-396.456,10.962913,-1.983012,-136.010415,
0.000,0.000,0.000,0.000000,0.000000,0.000000,0.000000,-0.046,-0.159,0.173,-0.000634,0.000832,0.000394,
0.000,0.000,0.000,0.000000,0.000000,0.000000,0.000000,7951.652,-267.752,-396.395,10.962257,-1.982071,-136.010167,
0.000,0.000,0.000,0.000000,0.000000,0.000000,0.000000,7951.671,-267.788,-396.396,10.963662,-1.980742,-136.008204,
0.000,0.000,0.000,0.000000,0.000000,0.000000,0.000000,-0.046,-0.159,0.173,-0.000634,0.000832,0.000394,
0.000,0.000,0.000,0.000000,0.000000,0.000000,0.000000,-0.063,-0.154,0.183,-0.000702,0.000919,0.000289,
0.000,0.000,0.000,0.000000,0.000000,0.000000,0.000000,-0.073,-0.140,0.198,-0.000875,0.001020,0.000165,
0.000,0.000,0.000,0.000000,0.000000,0.000000,0.000000,-0.046,-0.159,0.173,-0.000634,0.000832,0.000394,
0.000,0.000,0.000,0.000000,0.000000,0.000000,0.000000,-0.046,-0.159,0.173,-0.000634,0.000832,0.000394,
0.000,0.000,0.000,0.000000,0.000000,0.000000,0.000000,7951.652,-267.752,-396.395,10.962257,-1.982071,-136.010167,
0.000,0.000,0.000,0.000000,0.000000,0.000000,0.000000,7828.521,121.223,-385.592,-5.010207,-6.974967,136.989688,
0.000,0.000,0.000,0.000000,0.000000,0.000000,0.000000,7780.450,288.937,-417.565,-11.995138,-8.998298,44.993724,
0.000,0.000,0.000,0.000000,0.000000,0.000000,0.000000,7733.385,-285.491,-425.272,11.977782,-11.008912,-43.010872,
0.000,0.000,0.000,0.000000,0.000000,0.000000,0.000000,1282.921,32.986,-2448.381,90.185255,182.807501,-2.687573,
0.000,0.000,0.000,0.000000,0.000000,0.000000,0.000000,1282.921,32.986,-2448.381,90.185255,182.807501,-2.687573,
0.000,0.000,0.000,0.000000,0.000000,0.000000,0.000000,-0.046,-0.159,0.173,-0.000634,0.000832,0.000394,
0.000,0.000,0.000,0.000000,0.000000,0.000000,0.000000,3095.620,3430.746,-3126.123,76.552109,206.906330,-50.369239,
0.000,0.000,0.000,0.000000,0.000000,0.000000,0.000000,0.000,0.000,0.000,0.000000,0.000000,0.000000,
0.000,0.000,0.000,0.000000,0.000000,0.000000,0.000000,-462.228,571.319,-270.114,-12.605928,-9.925118,-0.780103,
0.000,0.000,0.000,0.000000,0.000000,0.000000,0.000000,0.000,0.000,0.000,0.000000,0.000000,0.000000,
0.000,0.000,0.000,0.000000,0.000000,0.000000,0.000000,212.479,-264.787,51.998,5.486292,4.349876,-0.347421,
0.000,0.000,0.000,0.000000,0.000000,0.000000,0.000000,-0.011,-488.658,-68.418,15.997548,0.001413,0.001498,
0.000,0.000,0.000,0.000000,0.000000,0.000000,0.000000,0.003,215.799,-13.319,-6.998622,-0.000664,0.000900,
0.000,0.000,0.000,0.000000,0.000000,0.000000,0.000000,13537.507,5062.863,1521.190,9.996891,-6.004835,-135.992715,
0.000,0.000,0.000,0.000000,0.000000,0.000000,0.000000,1918.223,5207.029,-29.339,11.997010,-11.007219,-42.995363,
0.000,0.000,0.000,0.000000,0.000000,0.000000,0.000000,-5532.745,-429.315,-3338.437,91.075957,-54.923394,2.017735,
0.000,0.000,0.000,0.000000,0.000000,0.000000,0.000000,-0.011,-488.658,-68.418,15.997548,0.001413,0.001498,
0.000,0.000,0.000,0.000000,0.000000,0.000000,0.000000,1918.217,5207.021,-29.336,11.997075,-11.007216,-42.995300,
0.000,0.000,0.000,0.000000,0.000000,0.000000,0.000000,-14401.535,-35.146,-290.790,-0.770908,-0.015468,0.210011,
0.000000,0.000000,0.000000,0.000000,0.000000,0.000000,0.000000,NaN,NaN,NaN,0.000000,0.000000,0.000000,
0.000000,0.000000,0.000000,0.000000,0.000000,0.000000,0.000000,-14401.535408,-35.145765,-290.790159,-0.770908,-0.015468,0.210011,
0.000000,0.000000,0.000000,0.000000,0.000000,0.000000,0.000000,-14401.534064,-35.143148,-290.896701,-0.770718,-0.015874,0.210000,
0.000000,0.000000,0.000000,0.000000,0.000000,0.000000,0.000000,-14401.535408,-35.145765,-290.790159,-0.770908,-0.015468,0.210011,
0.000000,0.000000,0.000000,0.000000,0.000000,0.000000,0.000000,688.546306,35.217972,-37.800264,-179.078975,180.367511,4.672332,
0.000000,0.000000,0.000000,0.000000,0.000000,0.000000,0.000000,688.546306,35.217972,-37.800264,-179.078975,180.367511,4.672332,
0.000000,0.000000,0.000000,0.000000,0.000000,0.000000,0.000000,688.550035,35.232392,-37.867197,-179.094270,180.368082,4.673413,
0.000000,0.000000,0.000000,0.000000,0.000000,0.000000,0.000000,20.594509,-36.884283,0.062073,-0.019207,-0.000542,4.987596,
0.000000,0.000000,0.000000,0.000000,0.000000,0.000000,0.000000,688.550035,35.232392,-37.867197,-179.094270,180.368082,4.673413,
0.000000,0.000000,0.000000,0.000000,0.000000,0.000000,0.000000,687.515118,35.781811,-35.927550,-179.251596,180.117221,4.617330,
0.000000,0.000000,0.000000,0.000000,0.000000,0.000000,0.000000,687.513245,35.827080,-35.979182,-179.305355,180.111917,4.623982,
0.000000,0.000000,0.000000,0.000000,0.000000,0.000000,0.000000,687.509358,35.904290,-35.998736,-179.351576,180.111650,4.636544,
0.000000,0.000000,0.000000,0.000000,0.000000,0.000000,0.000000,687.519011,35.716101,-35.901457,-178.631339,180.087514,4.617737,
0.000000,0.000000,0.000000,0.000000,0.000000,0.000000,0.000000,687.509492,35.898599,-35.988728,-179.422422,180.127646,4.621752,
0.000000,0.000000,0.000000,0.000000,0.000000,0.000000,0.000000,687.515118,35.781811,-35.927550,-179.251596,180.117221,4.617330,
0.000000,0.000000,0.000000,0.000000,0.000000,0.000000,0.000000,687.509492,35.898599,-35.988728,-179.422422,180.127646,4.621752,
0.000000,0.000000,0.000000,0.000000,0.000000,0.000000,0.000000,687.515118,35.781811,-35.927550,-179.251596,180.117221,4.617330,
0.000000,0.000000,0.000000,0.000000,0.000000,0.000000,0.000000,688.550035,35.232392,-37.867197,-179.094270,180.368082,4.673413,
0.000000,0.000000,0.000000,0.000000,0.000000,0.000000,0.000000,687.515118,35.781811,-35.927550,-179.251596,180.117221,4.617330,
0.000000,0.000000,0.000000,0.000000,0.000000,0.000000,0.000000,707.869859,-1.373621,-36.481171,0.804884,-0.113537,179.628441,
0.000000,0.000000,0.000000,0.000000,0.000000,0.000000,0.000000,707.869859,-1.373621,-36.481171,0.804884,-0.113537,179.628441,
0.000000,0.000000,0.000000,0.000000,0.000000,0.000000,0.000000,736.653623,2355.386997,-14317.583316,-86.957968,-64.296175,-98.724726,
0.000000,0.000000,0.000000,0.000000,0.000000,0.000000,0.000000,-14399.805144,-454.406080,-381.142566,20.078872,0.248306,0.410366,
0.000000,0.000000,0.000000,0.000000,0.000000,0.000000,0.000000,-14399.805144,-454.406080,-381.142566,20.078872,0.248306,0.410366,
0.000000,0.000000,0.000000,0.000000,0.000000,0.000000,0.000000,-1169.646432,358.016312,-2700.380879,-35.126644,4.951387,-25.951723,
0.000000,0.000000,0.000000,0.000000,0.000000,0.000000,0.000000,-1169.646261,358.017467,-2700.380782,-35.126627,4.951402,-25.951744,
0.000000,0.000000,0.000000,0.000000,0.000000,0.000000,0.000000,0.012068,-0.406832,-0.079240,0.003807,-0.000264,-0.001083,
0.000000,0.000000,0.000000,0.000000,0.000000,0.000000,0.000000,0.012068,-0.406832,-0.079240,0.003807,-0.000264,-0.001083,
0.000000,0.000000,0.000000,0.000000,0.000000,0.000000,0.000000,16027.863625,-5.247723,1272.906506,-0.415885,-2.602646,180.058367,
0.000000,0.000000,0.000000,0.000000,0.000000,0.000000,0.000000,16027.863625,-5.247724,1291.956505,-0.415885,-2.602646,180.058367,
0.000000,0.000000,0.000000,0.000000,0.000000,0.000000,0.000000,-0.001911,-0.000728,-0.004870,-0.000580,-0.000336,0.000290,
0.000000,0.000000,0.000000,0.000000,0.000000,0.000000,0.000000,0.031234,-0.359139,-0.117789,0.001936,-0.000352,-0.001776,
0.000000,0.000000,0.000000,0.000000,0.000000,0.000000,0.000000,0.017884,-0.393000,-0.012971,0.003108,0.000051,-0.000733,
0.000000,0.000000,0.000000,0.000000,0.000000,0.000000,0.000000,-0.024168,-0.377472,-0.045060,0.002144,-0.000173,-0.001632,
0.000000,0.000000,0.000000,0.000000,0.000000,0.000000,0.000000,844.643609,-21.720478,-47.267294,0.616999,-0.195085,89.780121,
0.000000,0.000000,0.000000,0.000000,0.000000,0.000000,0.000000,-12414.233855,-2826.082462,-2298.585943,0.014624,0.022169,0.083140,
0.000000,0.000000,0.000000,0.000000,0.000000,0.000000,0.000000,-12414.233855,-2826.082462,-2298.585943,0.014624,0.022169,0.083140,
0.000000,0.000000,0.000000,0.000000,0.000000,0.000000,0.000000,-0.006380,-0.592047,-0.223970,-0.000803,-0.000336,-0.000297,
0.000000,0.000000,0.000000,0.000000,0.000000,0.000000,0.000000,0.040447,-0.040999,-0.099322,-0.001022,0.000858,-0.000244,
0.000000,0.000000,0.000000,0.000000,0.000000,0.000000,0.000000,118.526050,232.806199,321.247423,3.124332,0.002229,-0.001111,
0.000000,0.000000,0.000000,0.000000,0.000000,0.000000,0.000000,1303.358687,13.716130,-44.596793,0.706648,7.020057,179.814310,
0.507487,0.000000,-0.934227,-4.392594,-2.086979,91.855252,-0.000575,72.230303,33.292250,-110.586435,-0.188555,0.000198,-0.060213,
